{
  "RECORDS": [
    {
      "attraction_id": 12,
      "attraction_name": "黄鹤楼",
      "attraction_en_name": "Yellow Crane Tower",
      "attraction_city": "湖北-武汉",
      "attraction_lat": 114.2970199584961,
      "attraction_lon": 30.547090530395509,
      "attraction_tags": "5A景区|历史|城市|文化|红色",
      "attraction_feature": "诗词绝句中的江南名楼",
      "attraction_ratting": "4.6",
      "attraction_gallery": "https://youimg1.c-ctrip.com/target/010521200089rn9atE339.jpg",
      "attraction_play_spend_time": "1-3小时",
      "attraction_description": "黄鹤楼（Yellow Crane Tower），位于湖北武汉武昌长江南岸蛇山峰岭之上。始建于三国时代吴黄武二年（公元223年），历代屡建屡毁，今天看到的黄鹤楼，是1985年重建的。黄鹤楼是国家5A级景点，享有“天下绝景” 、“天下江山第一楼”之称，是武汉的城市地标之一，因唐代诗人崔颢“昔人已乘黄鹤去，此地空余黄鹤楼”的诗句而名扬天下，李白等都为黄鹤楼留下了诗词。登上黄鹤楼远眺，可以看到滚滚长江和武汉三镇风光。黄鹤楼公园有东门、南门、西门3个入口，东门位于近首义广场一侧，有专门的停车场，停车较方便；南门位于长江大桥武昌侧引桥处，有专门的公交车站，公共交通较方便；西门位于长江大桥上，便于步行游览长江大桥及从户部巷上长江大桥的游客进入。黄鹤楼位于武汉长江南岸的黄鹤楼公园内，是公园的主体景点，公园和黄鹤楼统一售票。黄鹤楼与岳阳楼、滕王阁并称为\"江南三大名楼\"。黄鹤楼坐落在蛇山山顶，楼5层，高50余米，72根圆柱拔地而起，60个翘角凌空舒展，恰似黄鹤腾飞。楼内各层布置有大型壁画、文物等。楼外铸铜黄鹤造型、胜像宝塔、牌坊、亭阁等一批辅助建筑。楼面用10多万块黄色琉璃瓦覆盖，在蓝天白云的映衬下，色彩绚丽。2月至3月间是二月兰花期，山北之地，紧邻电瓶车道，大片二月兰，从不起眼的零零星星开到迷人的紫色海洋。在西区南北亭至南北轩、山脊白云阁至春牌坊沿线，粉嫩的垂丝海棠笑东风，花期为三到四月。在紫薇苑内、岳飞广场至东门牌坊沿线，每年三月怒放的白色的喷雪花如大雪初降····",
      "attraction_special_policy": "儿童:6周岁（含）以下或身高1.2米（含）以下,免费|老人:65周岁（含）以上凭本人身份证,免费60周岁-65周岁（不含）的老年人凭本人身份证,半价|军人:现役军人、伤残军人、军队离退休干部凭本人有效证件,免费|残疾人:残疾人凭本人有效证件,免费|未成年人:6周岁（不含）-18周岁（含）,半价|学生:全日制大学本科（不含职业教育、成人、自考、电大、函授、夜大、网络）及以下学历学生凭本人有效学生证件,半价|医护人员:省内医护人员凭本人有效医师证、护士证；省外医护人员凭湖北省政府颁发的灵秀湖北感恩卡在2021年12月31日前,免费",
      "attraction_price": 65.0,
      "attraction_lowest_price": 65.0,
      "attraction_adult": 65.0,
      "attraction_senior": 35.0,
      "attraction_student": 35.0,
      "attraction_child": 0.0,
      "NAVICAT_ROWID": 12
    },
    {
      "attraction_id": 46,
      "attraction_name": "鄂豫边区革命烈士陵园",
      "attraction_en_name": "Hubei-Henan Border Region Revolutionary Martyrs Cemetery",
      "attraction_city": "湖北-孝感",
      "attraction_lat": 114.1320571899414,
      "attraction_lon": 31.564586639404298,
      "attraction_tags": "3A景区|历史|红色",
      "attraction_feature": null,
      "attraction_ratting": "4.7",
      "attraction_gallery": "https://youimg1.c-ctrip.com/target/100p1f000001gpejjF7D1.jpg",
      "attraction_play_spend_time": "0.5天",
      "attraction_description": "“缅怀先烈爱国魂，不忘革命英雄史”鄂豫边区革命烈士位于湖北大悟县城关镇东河东岸江岗山西麓，陵园占地面积469亩，主体建筑由近万平方米的英烈广场、烈士纪念馆、烈士祠、鄂豫边区革命烈士纪念碑、中原突围烈士纪念碑、红军烈士墓以及国防教育馆等组成。于1984年11月6日竣工落成，是全国十大烈士陵园之一。",
      "attraction_special_policy": null,
      "attraction_price": 0.0,
      "attraction_lowest_price": 0.0,
      "attraction_adult": 0.0,
      "attraction_senior": 0.0,
      "attraction_student": 0.0,
      "attraction_child": 0.0,
      "NAVICAT_ROWID": 46
    },
    {
      "attraction_id": 124,
      "attraction_name": "中共五大会址纪念馆",
      "attraction_en_name": "CPC Fifth Congress Memorial",
      "attraction_city": "湖北-武汉",
      "attraction_lat": 114.29335021972656,
      "attraction_lon": 30.553226470947267,
      "attraction_tags": "展馆|文化|红色",
      "attraction_feature": "收藏五大珍贵历史资料",
      "attraction_ratting": "4.5",
      "attraction_gallery": "https://youimg1.c-ctrip.com/target/100i1f000001gp3r16A17.jpg",
      "attraction_play_spend_time": "1-2小时",
      "attraction_description": "中共五大会址纪念馆成立于2007年，位于武汉武昌区中华路小学谭秋校区，与同条街上的农讲所旧址互相映衬，形成了一片“红色景区”。纪念馆内树木繁茂，建筑面积约4000平方米。馆内陈列了中共五大开幕式会场、陈潭秋夫妇卧室以及陈潭秋、伍修权教学教室等，由“高潮与危机”、“贡献与局限”、“应变与转折”三大展区组成。目前，中共五大会址纪念馆征集到文物珍品110多件，历史资料800多份，并部分对外展出。通过高科技手段的运用，再现了1927年前后那段令人扼腕的历史情景。",
      "attraction_special_policy": null,
      "attraction_price": 0.0,
      "attraction_lowest_price": 0.0,
      "attraction_adult": 0.0,
      "attraction_senior": 0.0,
      "attraction_student": 0.0,
      "attraction_child": 0.0,
      "NAVICAT_ROWID": 124
    },
    {
      "attraction_id": 126,
      "attraction_name": "武汉革命博物馆",
      "attraction_en_name": "Wuhan Revolution Museum",
      "attraction_city": "湖北-武汉",
      "attraction_lat": 114.29498291015625,
      "attraction_lon": 30.556108474731447,
      "attraction_tags": "4A景区|历史|展馆|文化|红色",
      "attraction_feature": "蕴藏着红色革命故事",
      "attraction_ratting": "4.3",
      "attraction_gallery": "https://youimg1.c-ctrip.com/target/100h1f000001grt1yCB36.jpg",
      "attraction_play_spend_time": "1-2小时",
      "attraction_description": "武汉革命博物馆由武昌农民运动讲习所旧址纪念馆、毛泽东旧居纪念馆、陈潭秋烈士纪念馆和武昌起义门管理所组成。武昌农民运动讲习所旧址是武汉市保存完好的晚清学宫式建筑，是大革命时期，国共两党合作创办的一所培养农民干部的学校所在地。瞿秋白、李立三、恽代英、彭湃、方志敏、李汉俊、李达等在农讲所任教。毛泽东旧居距离武昌农民运动讲习所旧址200米，原为一普通民房，是毛泽东1927年上半年在武汉从事革命活动时的住所。毛泽东在这里完成了他的光辉著作《湖南农民运动考察报告》。在这里居住的还有蔡和森、郭亮、彭湃、夏明翰、毛泽覃、毛泽民、罗哲等革命者。陈潭秋烈士纪念馆旧址原为武昌第一小学，陈潭秋及夫人徐全直曾在这里居住和工作过。现保存有4栋原建筑，旧址大部分建筑由潭秋中学所用。现对外开放的有陈潭秋夫妇的住房，辟有中共“五大”会址陈列室和陈潭秋烈士早期革命活动陈列室纪念室。起义门原名“中和门”，它是武昌城十大古城门之一。武昌首义胜利后，中和门被誉为“首义胜利的开端”。现起义门高7.1米，宽5米。城楼分为上下两层，建筑面积约为280平方米。城楼为重檐歇山顶式仿木结构。",
      "attraction_special_policy": null,
      "attraction_price": 0.0,
      "attraction_lowest_price": 0.0,
      "attraction_adult": 0.0,
      "attraction_senior": 0.0,
      "attraction_student": 0.0,
      "attraction_child": 0.0,
      "NAVICAT_ROWID": 126
    },
    {
      "attraction_id": 155,
      "attraction_name": "武汉长江大桥建成纪念碑",
      "attraction_en_name": "Wuhan Changjiang Daqiao Jiancheng Monument",
      "attraction_city": "湖北-武汉",
      "attraction_lat": 114.28851318359375,
      "attraction_lon": 30.548809051513673,
      "attraction_tags": "文化|红色",
      "attraction_feature": "了解武汉长江大桥建设历程",
      "attraction_ratting": "4.6",
      "attraction_gallery": "https://youimg1.c-ctrip.com/target/fd/tg/g6/M09/AA/19/CggYs1bmLWGAbDJnABXIYVXlbC4738.jpg",
      "attraction_play_spend_time": "0.5-2小时",
      "attraction_description": "武汉长江大桥建成纪念碑在红巷码头附近，站在纪念碑观景平台可观赏长江大桥、龟山电视台和长江的美丽景观，从观景平台可以步行至长江大桥。长江大桥落成于1957年，上层公路车道和两侧兼有人行道，下层是火车铁路车道。",
      "attraction_special_policy": null,
      "attraction_price": 0.0,
      "attraction_lowest_price": 0.0,
      "attraction_adult": 0.0,
      "attraction_senior": 0.0,
      "attraction_student": 0.0,
      "attraction_child": 0.0,
      "NAVICAT_ROWID": 155
    },
    {
      "attraction_id": 198,
      "attraction_name": "辛亥革命博物馆",
      "attraction_en_name": "Xinhai Revolution Museum",
      "attraction_city": "湖北-武汉",
      "attraction_lat": 114.30066680908203,
      "attraction_lon": 30.539833068847658,
      "attraction_tags": "4A景区|历史|展馆|文化|红色",
      "attraction_feature": "了解辛亥革命的历史",
      "attraction_ratting": "4.6",
      "attraction_gallery": "https://youimg1.c-ctrip.com/target/0102j120008hwr2x5E7F0.jpg",
      "attraction_play_spend_time": "1-2小时",
      "attraction_description": "辛亥革命博物馆位于首义广场南侧，是武汉市为纪念辛亥革命•武昌首义100周年而兴建的一座专题博物馆，也是首义文化区的核心建筑，与武昌起义军政府旧址（红楼）、孙中山铜像、黄兴拜将台纪念碑、烈士祠牌坊等串联成首义广场炫目的文化符号。博物馆的外观融合了中国传统建筑元素和现代建筑特色，从空中俯瞰是一个红色的“V”字的造型，寓意敢为人先的首义精神和武汉的腾飞。博物馆共有4层，地下一层和地上三层，设有1个序厅、5个基本陈列展厅和1个多功能展厅。辛亥革命博物馆基本陈列《共和之基——辛亥革命历史陈列》分为晚清中国、革命原起、武昌首义、创建共和、辛亥百年五个部分，展示了辛亥革命历史文物428件（套），历史照片694张，以及重大历史事件复原场景27处，艺术品12处，多媒体20处。这些陈列设施，让现代人能清晰的了解辛亥革命的历史，学习先辈的精神。",
      "attraction_special_policy": "儿童/学生/老人:本票种仅限6周岁（不含）-18周岁（含）未成年人（凭身份证件或户口本）、60周岁（含）-65周岁（不含）老人（凭身份证或老年证）、全日制大学本科及以下学历的学生（不含职业教育、成人、自考、电大、函授、夜大、网络）持本人有效学生证使用。【10.7日】为重阳节，60岁（含）以上的老人免票，陪同老人游玩的成年人也可享受门票免费，1名老人限携带1名成人。,优惠|儿童:年龄在6周岁（含）以下或身高1.2米（含）以下,免费|老人:65周岁（含）以上的老人（凭身份证或老年证）。\n【10.7】重阳节，60岁（含）以上老人免票，陪同老人游玩的成年人可享受免费，1名老人限携带1名成人。,免费|残疾人:凭残疾人证,免费|现役军人:凭本人有效证件,免费|伤残军人:凭本人有效证件,免费|军队离退休干部:凭本人有效证件,免费",
      "attraction_price": 0.0,
      "attraction_lowest_price": 0.0,
      "attraction_adult": 0.0,
      "attraction_senior": 0.0,
      "attraction_student": 0.0,
      "attraction_child": 0.0,
      "NAVICAT_ROWID": 198
    },
    {
      "attraction_id": 214,
      "attraction_name": "木兰水镇",
      "attraction_en_name": "Mulan Watertown",
      "attraction_city": "湖北-武汉",
      "attraction_lat": 114.42308044433594,
      "attraction_lon": 30.961849212646486,
      "attraction_tags": "体验|文化|红色",
      "attraction_feature": null,
      "attraction_ratting": "4.4",
      "attraction_gallery": "https://youimg1.c-ctrip.com/target/01023120005m07g3t76B4.jpg",
      "attraction_play_spend_time": null,
      "attraction_description": "木兰水镇旅游景区是华中地区周边以军事主题为风格的旅游景区，坐落于武汉市黄陂区王家河街道以南，位于滠水河与长堰河交汇处，距黄陂城区9公里，距武汉市区约40公里，景区特色鲜明，交通便利，地理位置优越。整个景区占地面积约2600亩，由河东生态观光区和河西军事体验及法制教育基地组成。占地300多亩的河东生态观光区以自然生态观光为主，特色游乐项目为辅，生态观光区建设有民俗风情街，湖心岛，休闲长廊，古镇演艺中心，双龙戏水，竹园等，同时建设有铁索挑战桥，高空滑索，水上摩天轮、水上画舫及水上自行车等特色游乐项目。河西军事体验区占地面积达1200多亩，是按照陆海空三大军种概念，分区而建，部署现代军事设施和器材，模拟军营训练科目，建设集军事体验、军事训练、团队建设、儿童游乐等为一体的深度军事体验景区及综合性国防教育基地。多种拓展项目，如水路两栖机动演练、真人CS、丛林穿越、露营、少年军训营、童子军马场、军事体验亲子乐园等，满足不同人群不同强度的军事体验需求。",
      "attraction_special_policy": "儿童:身高1.2米（含）以下,免费身高1.2米（不含）-1.4米（不含）之间,半价|老人:69岁（不含）以上凭身份证或老年证,免费60岁（含）-69岁（含）凭身份证或老年证,半价|学生:全日制大学生凭有效学生证件,半价",
      "attraction_price": 55.0,
      "attraction_lowest_price": 55.0,
      "attraction_adult": 55.0,
      "attraction_senior": 38.0,
      "attraction_student": 38.0,
      "attraction_child": 38.0,
      "NAVICAT_ROWID": 214
    },
    {
      "attraction_id": 229,
      "attraction_name": "辛亥革命武昌起义纪念馆",
      "attraction_en_name": "The Museum of Wuchang Uprising of 1911 Revolution",
      "attraction_city": "湖北-武汉",
      "attraction_lat": 114.30088806152344,
      "attraction_lon": 30.54461669921875,
      "attraction_tags": "4A景区|展馆|文化|红色",
      "attraction_feature": "珍藏大量文物的教育基地",
      "attraction_ratting": "4.5",
      "attraction_gallery": "https://youimg1.c-ctrip.com/target/01070120008hwr9645097.jpg",
      "attraction_play_spend_time": "1-2小时",
      "attraction_description": "武昌起义纪念馆的前身是清末湖北谘议局，1911年10月，辛亥革命在武昌打响第一枪，起义成功后，革命党在这里成立军政府。纪念馆的主体是一幢红墙红瓦的小楼，当地人俗称“红楼”。始建于1909年的纪念馆，大楼主体建筑为二层砖木结构西式楼房。馆内现有两个主题性的陈列。一是《鄂军都督府旧址复原陈列》，复原再现了都督府成立初期的场景。从陈列中，可以了解到军政府成立初期的政府组织结构。陈列中还有一面旗帜，叫十八星旗，是武昌起义的军旗。十八颗黄星，是代表山海关内十八个省份的炎黄子孙。另一主体展览是《辛亥革命武昌起义史迹陈列》，陈列以文物、图片和模型，展现了辛亥革命武昌起义的历史画面。在这里，还可以看到武昌起义相关的人物群像。《辛亥革命武昌起义史迹陈列》中还有一张女性照片，照片上的人物叫张竹君，是上海红十字会会长，在武昌起义期间，她组织了一支民间医疗队，并将革命党人黄兴化装成红十字会的医生，随船带到武汉。",
      "attraction_special_policy": null,
      "attraction_price": 0.0,
      "attraction_lowest_price": 0.0,
      "attraction_adult": 0.0,
      "attraction_senior": 0.0,
      "attraction_student": 0.0,
      "attraction_child": 0.0,
      "NAVICAT_ROWID": 229
    },
    {
      "attraction_id": 280,
      "attraction_name": "二七烈士纪念碑",
      "attraction_en_name": "Er Qi Martyr Monument",
      "attraction_city": "湖北-武汉",
      "attraction_lat": 114.31871032714844,
      "attraction_lon": 30.63712501525879,
      "attraction_tags": "文化|红色",
      "attraction_feature": "纪念二七大罢工斗争英雄",
      "attraction_ratting": "4",
      "attraction_gallery": "https://youimg1.c-ctrip.com/target/100412000000scwdr313F.jpg",
      "attraction_play_spend_time": "10-30分钟",
      "attraction_description": "二七烈士纪念碑是为纪念1923年在“二七”大罢工中牺牲的烈士而立，现位于武汉二七纪念馆内。碑用花岗岩砌成，圭形方锥体。整个纪念碑高12.6米，碑座的四面都镶嵌着大理石浮雕装饰，前面为象征工农团结、高举革命火炬的图案，左右两侧嵌有浮雕画图，生动地再现了武汉各工团声援罢工和铁路工人赤手空拳与全副武装的反动军警英勇搏斗的壮烈场面。座后刻有碑文，记述“二七”大罢工斗争中的英雄事迹，碑后纪念馆内还陈列有“二七”革命斗争史料和烈士遗物，周围繁花簇拥，青松环抱，瑰伟壮观。",
      "attraction_special_policy": null,
      "attraction_price": 0.0,
      "attraction_lowest_price": 0.0,
      "attraction_adult": 0.0,
      "attraction_senior": 0.0,
      "attraction_student": 0.0,
      "attraction_child": 0.0,
      "NAVICAT_ROWID": 280
    },
    {
      "attraction_id": 343,
      "attraction_name": "横渡长江博物馆",
      "attraction_en_name": "",
      "attraction_city": "湖北-武汉",
      "attraction_lat": 114.30207061767578,
      "attraction_lon": 30.593135833740236,
      "attraction_tags": "历史|展馆|文化|红色",
      "attraction_feature": "苏式建筑风格",
      "attraction_ratting": "4.8",
      "attraction_gallery": "https://youimg1.c-ctrip.com/target/10090y000000lyrvd762F.jpg",
      "attraction_play_spend_time": "2-3小时",
      "attraction_description": "横渡长江博物馆在汉口江滩公园内、江滩防洪纪念碑正对面。此馆采用苏式建筑风格设计，高是42米，共7层。博物馆展示厅由序厅、主展示厅、体验厅和观景区等组成，展示内容包括“击水中流”、“情系长江”及“大江弄潮”三部分。",
      "attraction_special_policy": null,
      "attraction_price": 0.0,
      "attraction_lowest_price": 0.0,
      "attraction_adult": 0.0,
      "attraction_senior": 0.0,
      "attraction_student": 0.0,
      "attraction_child": 0.0,
      "NAVICAT_ROWID": 343
    },
    {
      "attraction_id": 388,
      "attraction_name": "武昌廉政文化公园",
      "attraction_en_name": "Wuchanglianzheng Culture Park",
      "attraction_city": "湖北-武汉",
      "attraction_lat": 114.29469299316406,
      "attraction_lon": 30.55318260192871,
      "attraction_tags": "城市|红色",
      "attraction_feature": "武汉市反腐倡廉教育基地",
      "attraction_ratting": "4.5",
      "attraction_gallery": "https://youimg1.c-ctrip.com/target/fd/tg/g2/M09/8D/1E/Cghzf1Ww_AKAYQ8WACCx-Udm1yU717.jpg",
      "attraction_play_spend_time": "1小时",
      "attraction_description": "武昌廉政文化公园位于武昌区解放路，由原武昌公园改建而来。公园内形态各异的山水石上雕刻着关于廉政建设的语录手迹，这里是武汉市反腐倡廉的教育基地。园内有10位中共五大中央级纪律监察委员会领导成员的群雕像，英姿飒爽，风采奕奕。公园的后门正对着中共五大会址纪念馆。公园将园林景观与红色廉政相结合，游客在这里不仅能很好的休闲娱乐，还能感受红色廉政文化。",
      "attraction_special_policy": null,
      "attraction_price": 0.0,
      "attraction_lowest_price": 0.0,
      "attraction_adult": 0.0,
      "attraction_senior": 0.0,
      "attraction_student": 0.0,
      "attraction_child": 0.0,
      "NAVICAT_ROWID": 388
    },
    {
      "attraction_id": 405,
      "attraction_name": "八路军武汉办事处旧址纪念馆",
      "attraction_en_name": "",
      "attraction_city": "湖北-武汉",
      "attraction_lat": 114.303955078125,
      "attraction_lon": 30.608549118041993,
      "attraction_tags": "展馆|文化|红色",
      "attraction_feature": null,
      "attraction_ratting": "4.6",
      "attraction_gallery": "https://youimg1.c-ctrip.com/target/10060p000000fmnm237B5.jpg",
      "attraction_play_spend_time": null,
      "attraction_description": "八路军武汉办事处旧址，在武汉市汉口长春街，是一幢四层楼房。在汉口原日本租界中街9号(今长春街57号)。董必武于1937年10月来武汉筹建八路军武汉办事处，初设在汉口安仁里1号，同年12月迁此。这是中国共产党在国民党统治区建立的公开办事机构。李涛、之光先后担任处长。1937年12月，中央决定在武汉成立长江局，机关秘密设在办事处内。1937年12月--1938年10月，周恩来、董必武、秦邦宪、叶剑英、邓颖超、王明等领导人在这里领导长江局和八路军武汉办事处的工作。八路军武汉办事处是建立在当时国统区和全国抗日中心的重要机构，在领导团结国内外各界人士参加抗日战争中发挥了重要的作用，具有重要的历史价值和纪念意义。",
      "attraction_special_policy": null,
      "attraction_price": 0.0,
      "attraction_lowest_price": 0.0,
      "attraction_adult": 0.0,
      "attraction_senior": 0.0,
      "attraction_student": 0.0,
      "attraction_child": 0.0,
      "NAVICAT_ROWID": 405
    },
    {
      "attraction_id": 426,
      "attraction_name": "洪湖烈士陵园",
      "attraction_en_name": "Honghu Martyrs Cemetery",
      "attraction_city": "湖北-荆州",
      "attraction_lat": 113.4484634399414,
      "attraction_lon": 29.795948028564454,
      "attraction_tags": "3A景区|历史|红色",
      "attraction_feature": null,
      "attraction_ratting": "4.8",
      "attraction_gallery": "https://youimg1.c-ctrip.com/target/0102p1200083462gt9867.jpg",
      "attraction_play_spend_time": "1-2小时",
      "attraction_description": "洪湖市烈士陵园，亦称湘鄂西苏区革命烈士纪念馆，坐落在洪湖市城区的西南郊，离市中心1.5公里，占地面积约40公顷。",
      "attraction_special_policy": null,
      "attraction_price": 0.0,
      "attraction_lowest_price": 0.0,
      "attraction_adult": 0.0,
      "attraction_senior": 0.0,
      "attraction_student": 0.0,
      "attraction_child": 0.0,
      "NAVICAT_ROWID": 426
    },
    {
      "attraction_id": 427,
      "attraction_name": "向警予烈士陵园",
      "attraction_en_name": "Xiang Jingyu Martyrs Cemetery",
      "attraction_city": "湖北-武汉",
      "attraction_lat": 114.26171875,
      "attraction_lon": 30.55704689025879,
      "attraction_tags": "历史|红色",
      "attraction_feature": "依山傍水、苍松翠柏",
      "attraction_ratting": "4",
      "attraction_gallery": "https://youimg1.c-ctrip.com/target/100n11000000qogmc1BED.jpg",
      "attraction_play_spend_time": "30分钟",
      "attraction_description": "向警予烈士陵园位于武汉市龟山西部山顶，陵园坐东向西，依山而建，占地面积约8亩，为纪念中国妇女运动的先驱者向警予烈士和中国土地革命战争时期牺牲的烈士而建。主要由向警予烈士生平、烈士雕像、烈士墓和红色战士公墓等四部分组成。从龟山风景区西门的大理石迂回梯道上到山顶，就可以到达陵园。整个陵园依山傍水，苍松翠柏围绕着烈士陵园，其墓前立有汉白玉雕刻的全身坐像。坐像全高4.2米，她手握书卷，神态安详，头部微侧，双目凝视远方，表现出烈士对革命的无限忠贞，对未来充满希望。广场正中央是红色战士公墓，呈山峰状，顶部装饰直径1米的铜铸五星花环图案。墓前为高5.2米的墓碑，碑体上部图形为铜铸的花环环绕的党徽。公墓安葬着土地革命战争时期被反动派杀害的革命人士。",
      "attraction_special_policy": null,
      "attraction_price": 0.0,
      "attraction_lowest_price": 0.0,
      "attraction_adult": 0.0,
      "attraction_senior": 0.0,
      "attraction_student": 0.0,
      "attraction_child": 0.0,
      "NAVICAT_ROWID": 427
    },
    {
      "attraction_id": 428,
      "attraction_name": "武汉防汛纪念碑",
      "attraction_en_name": "Flood Protection Monument",
      "attraction_city": "湖北-武汉",
      "attraction_lat": 114.30008697509766,
      "attraction_lon": 30.593942642211915,
      "attraction_tags": "文化|红色",
      "attraction_feature": "纪念1954年防汛胜利",
      "attraction_ratting": "4.4",
      "attraction_gallery": "https://youimg1.c-ctrip.com/target/100e0j000000aiuyeD01E.jpg",
      "attraction_play_spend_time": "10-30分钟",
      "attraction_description": "武汉防汛纪念碑，位于武汉市汉口滨江公园江堤上，建于1969年。为纪念1954年防汛胜利而建。防洪纪念碑面向大江，台基高4.9米，正面与两侧设宽大台阶，四周围以护栏。碑身高37米，碑顶立直径1.8米五角红星，下饰红绸、葵花簇拥天安门图案。",
      "attraction_special_policy": null,
      "attraction_price": 0.0,
      "attraction_lowest_price": 0.0,
      "attraction_adult": 0.0,
      "attraction_senior": 0.0,
      "attraction_student": 0.0,
      "attraction_child": 0.0,
      "NAVICAT_ROWID": 428
    },
    {
      "attraction_id": 505,
      "attraction_name": "陈潭秋烈士纪念馆",
      "attraction_en_name": "Chentanqiu Martyrs` Memorial Hall",
      "attraction_city": "湖北-武汉",
      "attraction_lat": 114.29337310791016,
      "attraction_lon": 30.553430557250978,
      "attraction_tags": "展馆|文化|红色",
      "attraction_feature": "了解陈潭秋同志的革命事迹",
      "attraction_ratting": "4.6",
      "attraction_gallery": "https://youimg1.c-ctrip.com/target/fd/tg/g1/M0B/CC/A7/CghzflWw_IeAermwABSiJQ81e6g967.jpg",
      "attraction_play_spend_time": "10-20分钟",
      "attraction_description": "陈潭秋烈士纪念馆位于武汉市武昌区都府堤路，武昌廉政文化公园对面，与中共五大会址纪念馆为同一处大门进入。纪念馆与周围的农讲所旧址、武汉革命博物馆、武昌廉政公园等相互映衬，共同形成了一片红色景区。纪念馆复原了陈潭秋同志的卧室，并建成陈潭秋同志武汉革命活动陈列室，展出了陈潭秋用过的围巾、帐钩、藤篓、长袖汗衫等。",
      "attraction_special_policy": null,
      "attraction_price": 0.0,
      "attraction_lowest_price": 0.0,
      "attraction_adult": 0.0,
      "attraction_senior": 0.0,
      "attraction_student": 0.0,
      "attraction_child": 0.0,
      "NAVICAT_ROWID": 505
    },
    {
      "attraction_id": 509,
      "attraction_name": "汉口新四军军部旧址纪念馆",
      "attraction_en_name": "",
      "attraction_city": "湖北-武汉",
      "attraction_lat": 114.30559539794922,
      "attraction_lon": 30.608890533447267,
      "attraction_tags": "展馆|文化|红色",
      "attraction_feature": "展出新四军珍贵历史资料",
      "attraction_ratting": "4.5",
      "attraction_gallery": "https://youimg1.c-ctrip.com/target/fd/tg/g1/M03/AF/64/CghzfFW7IBCAUbLaAAAlnuKOkAQ344.jpg",
      "attraction_play_spend_time": "1-2小时",
      "attraction_description": "汉口新四军军部旧址纪念馆位于武汉市江岸区胜利街332—352号。1937年12月25日，新四军军部在汉口正式挂牌成立，叶挺等军部主要负责人及军部机关在此活动。1938年1月4日，新四军军部迁至南昌，汉口军部改为新四军驻汉办事处。2002年被公布为省级文物保护单位。2006年辟为纪念馆，正式对外开放。    ",
      "attraction_special_policy": null,
      "attraction_price": 0.0,
      "attraction_lowest_price": 0.0,
      "attraction_adult": 0.0,
      "attraction_senior": 0.0,
      "attraction_student": 0.0,
      "attraction_child": 0.0,
      "NAVICAT_ROWID": 509
    },
    {
      "attraction_id": 539,
      "attraction_name": "柳直旬烈士纪念园",
      "attraction_en_name": "Memorial Park of Martyr Liu Zhixun",
      "attraction_city": "湖北-荆州",
      "attraction_lat": 112.9764633178711,
      "attraction_lon": 30.037199020385743,
      "attraction_tags": "展馆|文化|红色",
      "attraction_feature": null,
      "attraction_ratting": "4",
      "attraction_gallery": "https://youimg1.c-ctrip.com/target/fd/tg/g1/M03/AF/64/CghzfFW7IBCAUbLaAAAlnuKOkAQ344.jpg",
      "attraction_play_spend_time": "1-2小时",
      "attraction_description": "监利县柳直荀烈士纪念园，是2009年经省人民政府批准的省级重点纪念设施保护单位，其扩建改造工程是国家红色旅游建设项目之一。",
      "attraction_special_policy": null,
      "attraction_price": 0.0,
      "attraction_lowest_price": 0.0,
      "attraction_adult": 0.0,
      "attraction_senior": 0.0,
      "attraction_student": 0.0,
      "attraction_child": 0.0,
      "NAVICAT_ROWID": 539
    },
    {
      "attraction_id": 558,
      "attraction_name": "武汉二七纪念馆",
      "attraction_en_name": "Wuhan`erqi Memorial Hall",
      "attraction_city": "湖北-武汉",
      "attraction_lat": 114.31939697265625,
      "attraction_lon": 30.636749267578126,
      "attraction_tags": "展馆|文化|红色",
      "attraction_feature": null,
      "attraction_ratting": "4",
      "attraction_gallery": "https://youimg1.c-ctrip.com/target/fd/tg/g1/M03/AF/64/CghzfFW7IBCAUbLaAAAlnuKOkAQ344.jpg",
      "attraction_play_spend_time": "1-2小时",
      "attraction_description": null,
      "attraction_special_policy": null,
      "attraction_price": 0.0,
      "attraction_lowest_price": 0.0,
      "attraction_adult": 0.0,
      "attraction_senior": 0.0,
      "attraction_student": 0.0,
      "attraction_child": 0.0,
      "NAVICAT_ROWID": 558
    },
    {
      "attraction_id": 614,
      "attraction_name": "红色战士公墓",
      "attraction_en_name": "Red Soldier Cemetery",
      "attraction_city": "湖北-武汉",
      "attraction_lat": 114.26251220703125,
      "attraction_lon": 30.556838989257814,
      "attraction_tags": "历史|红色",
      "attraction_feature": "缅怀先烈、铭记历史",
      "attraction_ratting": "3.9",
      "attraction_gallery": "https://youimg1.c-ctrip.com/target/100f11000000qpetd6B8E.jpg",
      "attraction_play_spend_time": "1小时",
      "attraction_description": "公墓位于汉阳龟山西麓，向警予烈士墓东面。由广场、墓和碑组成，东西横距31.5米，南北纵距17米。东边两角建有小亭。墓碑似一扇屏，正面上部镶嵌铸铜党徽和花环，中部镶嵌白色大理石，上刻\"红色战士公墓\"。现为湖北省重点文物保护单位。 1927年七一五事件后，在武汉屠杀党员和群众上万人。当时党员、海员工人陈春和将部分烈士安葬在龟山脚下补乾亭附近，称为红色战士公墓。1955年因建长江大桥迁至扁担山，1987年3月迁现址。 ",
      "attraction_special_policy": null,
      "attraction_price": 0.0,
      "attraction_lowest_price": 0.0,
      "attraction_adult": 0.0,
      "attraction_senior": 0.0,
      "attraction_student": 0.0,
      "attraction_child": 0.0,
      "NAVICAT_ROWID": 614
    },
    {
      "attraction_id": 637,
      "attraction_name": "湘鄂西苏区革命烈士纪念园",
      "attraction_en_name": "",
      "attraction_city": "湖北-荆州",
      "attraction_lat": 113.4484634399414,
      "attraction_lon": 29.795948028564454,
      "attraction_tags": "3A景区|历史|展馆|文化|红色",
      "attraction_feature": null,
      "attraction_ratting": "0",
      "attraction_gallery": "https://youimg1.c-ctrip.com/target/0105d1200082cgub0A1BB.jpg",
      "attraction_play_spend_time": null,
      "attraction_description": "洪湖湘鄂西苏区革命烈士陵园，位于湘鄂两省交界处的洪湖市新堤镇西南部，南临长江，北望洪湖，雄伟肃穆。全馆面积三百五十余亩，主体建筑包括纪念牌、烈士祠、陈列馆等，是“全国重点烈士建筑物保护单位”。\n     陵园以洪湖为中心的湘鄂西革命根据地，是土地革命时期由老一辈无产阶级革命泉 家贺龙、周逸群、段德昌等领导广大人民建立的，在中国革命史上占有重要地位。为缅怀怀这些丰功伟绩的先烈，1978年湖北省人民政府决定在洪湖兴建洪湖湘鄂西苏区革命烈士纪念馆。",
      "attraction_special_policy": null,
      "attraction_price": 0.0,
      "attraction_lowest_price": 0.0,
      "attraction_adult": 0.0,
      "attraction_senior": 0.0,
      "attraction_student": 0.0,
      "attraction_child": 0.0,
      "NAVICAT_ROWID": 637
    },
    {
      "attraction_id": 667,
      "attraction_name": "辛亥革命烈士公墓",
      "attraction_en_name": "Cemetery for Revolutionary Martyrs of 1911",
      "attraction_city": "湖北-武汉",
      "attraction_lat": 114.28883361816406,
      "attraction_lon": 30.59986686706543,
      "attraction_tags": "历史|红色",
      "attraction_feature": null,
      "attraction_ratting": "4.8",
      "attraction_gallery": "https://youimg1.c-ctrip.com/target/fd/tg/g2/M09/AE/61/CghzgFW7IAmAMz99AAA2r19U2mM655.jpg",
      "attraction_play_spend_time": null,
      "attraction_description": null,
      "attraction_special_policy": null,
      "attraction_price": 0.0,
      "attraction_lowest_price": 0.0,
      "attraction_adult": 0.0,
      "attraction_senior": 0.0,
      "attraction_student": 0.0,
      "attraction_child": 0.0,
      "NAVICAT_ROWID": 667
    },
    {
      "attraction_id": 683,
      "attraction_name": "京汉铁路总工会旧址",
      "attraction_en_name": "",
      "attraction_city": "湖北-武汉",
      "attraction_lat": 114.31248474121094,
      "attraction_lon": 30.626792907714845,
      "attraction_tags": "历史|文化|红色",
      "attraction_feature": null,
      "attraction_ratting": "4.2",
      "attraction_gallery": "https://youimg1.c-ctrip.com/target/100e0p000000fpba51D20.jpg",
      "attraction_play_spend_time": null,
      "attraction_description": "旧址为1923年2月3-7日京汉铁路总工会的秘密办公处，震惊中外的二七大罢工。",
      "attraction_special_policy": null,
      "attraction_price": 0.0,
      "attraction_lowest_price": 0.0,
      "attraction_adult": 0.0,
      "attraction_senior": 0.0,
      "attraction_student": 0.0,
      "attraction_child": 0.0,
      "NAVICAT_ROWID": 683
    },
    {
      "attraction_id": 687,
      "attraction_name": "麻城烈士陵园",
      "attraction_en_name": "Macheng Martyrs Cemetery",
      "attraction_city": "湖北-黄冈",
      "attraction_lat": 115.01255798339844,
      "attraction_lon": 31.183080673217775,
      "attraction_tags": "4A景区|历史|红色",
      "attraction_feature": null,
      "attraction_ratting": "4.4",
      "attraction_gallery": "https://youimg1.c-ctrip.com/target//10061900000187tx3DA9F.jpg",
      "attraction_play_spend_time": "1-2小时",
      "attraction_description": "麻城烈士陵园在湖北省麻城市城区陵园路，为了纪念黄麻起义和缅怀鄂豫皖苏区革命先烈的英雄事迹，在1979年建成。麻城市烈士陵园占地面积为114600平方米，2005年到2007年，麻城市共投入资金2678万元进行全新的改造，绿化率高达80%。该陵园是全国重点烈士纪念建筑物保护单位，是湖北省爱国主义、国防教育示范基地。是“全国100个红色旅游景点景区”之一和全国30条红色旅游精品线路节点。为国家4A级旅游景区。",
      "attraction_special_policy": null,
      "attraction_price": 0.0,
      "attraction_lowest_price": 0.0,
      "attraction_adult": 0.0,
      "attraction_senior": 0.0,
      "attraction_student": 0.0,
      "attraction_child": 0.0,
      "NAVICAT_ROWID": 687
    },
    {
      "attraction_id": 752,
      "attraction_name": "中国共产党纪律建设历史陈列馆",
      "attraction_en_name": "",
      "attraction_city": "湖北-武汉",
      "attraction_lat": 114.29299926757813,
      "attraction_lon": 30.552526473999025,
      "attraction_tags": "展馆|红色",
      "attraction_feature": null,
      "attraction_ratting": "5",
      "attraction_gallery": "https://youimg1.c-ctrip.com/target/fd/tg/g2/M02/C5/09/Cghzf1W7IBCAU1soAAA1rXNRb5g042.jpg",
      "attraction_play_spend_time": null,
      "attraction_description": null,
      "attraction_special_policy": null,
      "attraction_price": 0.0,
      "attraction_lowest_price": 0.0,
      "attraction_adult": 0.0,
      "attraction_senior": 0.0,
      "attraction_student": 0.0,
      "attraction_child": 0.0,
      "NAVICAT_ROWID": 752
    },
    {
      "attraction_id": 760,
      "attraction_name": "陈潭秋故居纪念馆",
      "attraction_en_name": "Former Residence of Chen Tanqiu",
      "attraction_city": "湖北-黄冈",
      "attraction_lat": 115.03887939453125,
      "attraction_lon": 30.59743309020996,
      "attraction_tags": "3A景区|展馆|文化|红色",
      "attraction_feature": null,
      "attraction_ratting": "4.6",
      "attraction_gallery": "https://youimg1.c-ctrip.com/target/fd/tg/g1/M03/AF/64/CghzfFW7IBCAUbLaAAAlnuKOkAQ344.jpg",
      "attraction_play_spend_time": "1小时",
      "attraction_description": "陈潭秋烈士的故居位于黄州区陈策楼镇陈策楼村，现在的陈潭秋故居居室为原黄冈县政府于1980年仿原貌复建。20年来，该馆经不断的扩建，已初具规模。现有青砖瓦房两幢，青砖楼一幢两层，另有接待室3间，占地面积280平方米。陈潭秋全身铜像一座，立于陈潭秋故居纪念馆(故居公园)内，铜像全身站像，高3米，基座2米，形象为身着西服(中共“一大”代表照)，右手持一本进步刊物，眺望远方，对中国革命充满必胜的信心。相关背景：陈潭秋烈士（1896-1943），中共“一大”代表，伟大的无产阶级革命家。陈潭秋全家20余人，先后有8人参加了革命，其中五人献出了宝贵生命。陈潭秋夫人徐全直、八弟陈荫林五哥陈防武、三哥陈春林、侄子陈华粮分别担任过大革命时期县级党组织、妇女运动的领导人。陈策楼村在1909至1926年间在陈潭秋指导和影响下，成为“鄂东革命策源地”（魏文伯语），1926年春被反动派烧毁",
      "attraction_special_policy": null,
      "attraction_price": 0.0,
      "attraction_lowest_price": 0.0,
      "attraction_adult": 0.0,
      "attraction_senior": 0.0,
      "attraction_student": 0.0,
      "attraction_child": 0.0,
      "NAVICAT_ROWID": 760
    },
    {
      "attraction_id": 854,
      "attraction_name": "通山烈士陵园",
      "attraction_en_name": "Tongshan Martyrs` Cemetery",
      "attraction_city": "湖北-咸宁",
      "attraction_lat": 114.44502258300781,
      "attraction_lon": 29.636383056640626,
      "attraction_tags": "历史|红色",
      "attraction_feature": null,
      "attraction_ratting": "4.5",
      "attraction_gallery": "https://youimg1.c-ctrip.com/target/0102r120008ql35t51891.png",
      "attraction_play_spend_time": "1-2小时",
      "attraction_description": null,
      "attraction_special_policy": null,
      "attraction_price": 0.0,
      "attraction_lowest_price": 0.0,
      "attraction_adult": 0.0,
      "attraction_senior": 0.0,
      "attraction_student": 0.0,
      "attraction_child": 0.0,
      "NAVICAT_ROWID": 854
    },
    {
      "attraction_id": 979,
      "attraction_name": "叶挺囚居旧址",
      "attraction_en_name": "Yetingqiuju Site",
      "attraction_city": "湖北-恩施",
      "attraction_lat": 109.4690933227539,
      "attraction_lon": 30.265884399414064,
      "attraction_tags": "历史|展馆|文化|民族-土家族|红色",
      "attraction_feature": null,
      "attraction_ratting": "4.1",
      "attraction_gallery": "https://youimg1.c-ctrip.com/target/01056120008ouy8r10025.jpg",
      "attraction_play_spend_time": "1小时",
      "attraction_description": "叶挺囚居旧址在恩施市老城西门外高井河西岸。叶挺于1942年冬，转囚于当时的湖北省府所在地恩施。故居地背靠红色砂山，面对小河与城墙，与外界隔绝，其地形极易看守。旧址为土木结构民居，中为木构架，围以土墙，正屋3间，东厢房2间，建筑面积共180平方米。",
      "attraction_special_policy": null,
      "attraction_price": 0.0,
      "attraction_lowest_price": 0.0,
      "attraction_adult": 0.0,
      "attraction_senior": 0.0,
      "attraction_student": 0.0,
      "attraction_child": 0.0,
      "NAVICAT_ROWID": 979
    },
    {
      "attraction_id": 1008,
      "attraction_name": "满山红烈士陵园",
      "attraction_en_name": "Manshanhong Martyrs Cemetery",
      "attraction_city": "湖北-恩施",
      "attraction_lat": 110.03426361083985,
      "attraction_lon": 29.888416290283204,
      "attraction_tags": "4A景区|历史|民族-土家族|红色",
      "attraction_feature": null,
      "attraction_ratting": "4.5",
      "attraction_gallery": "https://youimg1.c-ctrip.com/target/tg/146/721/928/c8079988c088476a83174097bba76cc3.jpg",
      "attraction_play_spend_time": "1小时",
      "attraction_description": "满山红烈士陵园位于鹤峰县城娄水河畔，全称为湘鄂边苏区革命烈士陵园，初建于1959年，占地150多亩。陵园坐落在红色砂岩山岭上，并多映山红（杜鹃），故得名。陵园内主要建筑有纪念碑、陵墓和博物馆。纪念碑耸立在山腰台地上，高15．4米，宽2米，碑身系青石和钢筋混凝土空心建筑，正面镌刻“湘鄂边苏区革命烈士纪念碑”。",
      "attraction_special_policy": null,
      "attraction_price": 0.0,
      "attraction_lowest_price": 0.0,
      "attraction_adult": 0.0,
      "attraction_senior": 0.0,
      "attraction_student": 0.0,
      "attraction_child": 0.0,
      "NAVICAT_ROWID": 1008
    },
    {
      "attraction_id": 1358,
      "attraction_name": "施洋烈士陵园",
      "attraction_en_name": "Cemetery of Martyr Shi Yang ",
      "attraction_city": "湖北-武汉",
      "attraction_lat": 114.33121490478516,
      "attraction_lon": 30.535062789916993,
      "attraction_tags": "历史|红色",
      "attraction_feature": null,
      "attraction_ratting": "0",
      "attraction_gallery": "https://youimg1.c-ctrip.com/target/fd/tg/g2/M09/AE/61/CghzgFW7IAmAMz99AAA2r19U2mM655.jpg",
      "attraction_play_spend_time": null,
      "attraction_description": "在洪山西南麓。施洋（1889一1923），字伯高，竹山县人。1921年参加中国劳动组合书记部工作，曾先后担任武汉工团联合会和京汉铁路总工会的法律顾问，为“二七”大罢工领导人之一。1923年2月7日被捕，在法庭上与敌人进行了针锋相对的斗争，15日在武昌英勇就义。墓原在洪山西麓，1953年迁此。墓前就山势筑成宽阔磴道，层台中间立有高约20米的丰碑，正面塑“施洋烈士纪念碑”七字，背面刻烈士革命事略，碑前塑烈士半身像，四周矮垣环绕，松柏拱卫，呈现一片肃穆宁静的气氛。",
      "attraction_special_policy": null,
      "attraction_price": 0.0,
      "attraction_lowest_price": 0.0,
      "attraction_adult": 0.0,
      "attraction_senior": 0.0,
      "attraction_student": 0.0,
      "attraction_child": 0.0,
      "NAVICAT_ROWID": 1358
    },
    {
      "attraction_id": 1553,
      "attraction_name": "施洋烈士陵园",
      "attraction_en_name": "Cemetery of Martyr Shi Yang ",
      "attraction_city": "湖北-武汉",
      "attraction_lat": 114.33121490478516,
      "attraction_lon": 30.535062789916993,
      "attraction_tags": "历史|红色",
      "attraction_feature": null,
      "attraction_ratting": "0",
      "attraction_gallery": "https://youimg1.c-ctrip.com/target/fd/tg/g2/M09/AE/61/CghzgFW7IAmAMz99AAA2r19U2mM655.jpg",
      "attraction_play_spend_time": null,
      "attraction_description": "在洪山西南麓。施洋（1889一1923），字伯高，竹山县人。1921年参加中国劳动组合书记部工作，曾先后担任武汉工团联合会和京汉铁路总工会的法律顾问，为“二七”大罢工领导人之一。1923年2月7日被捕，在法庭上与敌人进行了针锋相对的斗争，15日在武昌英勇就义。墓原在洪山西麓，1953年迁此。墓前就山势筑成宽阔磴道，层台中间立有高约20米的丰碑，正面塑“施洋烈士纪念碑”七字，背面刻烈士革命事略，碑前塑烈士半身像，四周矮垣环绕，松柏拱卫，呈现一片肃穆宁静的气氛。",
      "attraction_special_policy": null,
      "attraction_price": 0.0,
      "attraction_lowest_price": 0.0,
      "attraction_adult": 0.0,
      "attraction_senior": 0.0,
      "attraction_student": 0.0,
      "attraction_child": 0.0,
      "NAVICAT_ROWID": 1553
    },
    {
      "attraction_id": 1707,
      "attraction_name": "湘鄂赣边区鄂东南革命烈士陵园",
      "attraction_en_name": "Xiang`egan Bianqu E Southeast Cemetery of Revolutionary Martyrs",
      "attraction_city": "湖北-黄石",
      "attraction_lat": 115.20899200439453,
      "attraction_lon": 29.849069595336915,
      "attraction_tags": "3A景区|历史|文化|红色",
      "attraction_feature": "了解革命烈士的生平事迹",
      "attraction_ratting": "4.2",
      "attraction_gallery": "https://youimg1.c-ctrip.com/target/100n1f000001gpajo4F65.jpg",
      "attraction_play_spend_time": "1小时",
      "attraction_description": "湘鄂赣边区鄂东南革命烈士陵园位于阳新县城区北郊竹林湖畔的卧虎山上，占地面积28.5万平方米。陵园以纪念碑、纪念馆、烈士纪念堂、九烈士墓地、正气亭、国防园六大工程为主体组成。陵园内有湘鄂赣境内502位烈士的生平事迹；有大量的革命文物和图片资料。",
      "attraction_special_policy": null,
      "attraction_price": 0.0,
      "attraction_lowest_price": 0.0,
      "attraction_adult": 0.0,
      "attraction_senior": 0.0,
      "attraction_student": 0.0,
      "attraction_child": 0.0,
      "NAVICAT_ROWID": 1707
    },
    {
      "attraction_id": 1726,
      "attraction_name": "南山头革命旧址",
      "attraction_en_name": "Nanshantou Revolutionary Site",
      "attraction_city": "湖北-黄石",
      "attraction_lat": 114.89765167236328,
      "attraction_lon": 29.862010955810548,
      "attraction_tags": "历史|文化|红色",
      "attraction_feature": null,
      "attraction_ratting": "4.7",
      "attraction_gallery": "https://youimg1.c-ctrip.com/target/fd/tg/g1/M00/FC/25/CghzflW7IAqAat3tAAAymFPzBHI728.jpg",
      "attraction_play_spend_time": "1小时",
      "attraction_description": "南山头革命旧址地处大冶市南部，与阳新县三溪口镇相邻。距武汉市90多公里，距黄石市30公里。1997年黄石市人民政府为“南山头革命纪念碑”撰写碑文。后被定为大冶市爱国主义教育基地。1928年秋，在南山金公祠成立了中国共产党大冶县委。李灿、何长工率领的红八军在这里浴血奋战；解放后，曾在这里战斗过的百余名将帅先后为南山撰写题词。",
      "attraction_special_policy": null,
      "attraction_price": 0.0,
      "attraction_lowest_price": 0.0,
      "attraction_adult": 0.0,
      "attraction_senior": 0.0,
      "attraction_student": 0.0,
      "attraction_child": 0.0,
      "NAVICAT_ROWID": 1726
    },
    {
      "attraction_id": 1827,
      "attraction_name": "竹山县许明清烈士纪念馆",
      "attraction_en_name": "Zhu Shan Xian Xumingqing Lieshi Memorial Hall",
      "attraction_city": "湖北-十堰",
      "attraction_lat": 110.22575378417969,
      "attraction_lon": 32.2276611328125,
      "attraction_tags": "历史|展馆|文化|红色",
      "attraction_feature": null,
      "attraction_ratting": "3",
      "attraction_gallery": "https://youimg1.c-ctrip.com/target/fd/tg/g1/M08/AE/87/CghzfVW7IAOAbNKNAABCrs7mUrY425.jpg",
      "attraction_play_spend_time": null,
      "attraction_description": null,
      "attraction_special_policy": null,
      "attraction_price": 0.0,
      "attraction_lowest_price": 0.0,
      "attraction_adult": 0.0,
      "attraction_senior": 0.0,
      "attraction_student": 0.0,
      "attraction_child": 0.0,
      "NAVICAT_ROWID": 1827
    },
    {
      "attraction_id": 1863,
      "attraction_name": "郧西县革命烈士陵园",
      "attraction_en_name": "Yunxi County Revolutionary Martyrs Cemetery",
      "attraction_city": "湖北-十堰",
      "attraction_lat": 110.39047241210938,
      "attraction_lon": 33.02316665649414,
      "attraction_tags": "历史|红色|自然|红色",
      "attraction_feature": null,
      "attraction_ratting": "0",
      "attraction_gallery": "https://youimg1.c-ctrip.com/target/fd/tg/g1/M08/FC/24/CghzflW7IACAHgzUAAAvGcMqieg905.jpg",
      "attraction_play_spend_time": null,
      "attraction_description": null,
      "attraction_special_policy": null,
      "attraction_price": 0.0,
      "attraction_lowest_price": 0.0,
      "attraction_adult": 0.0,
      "attraction_senior": 0.0,
      "attraction_student": 0.0,
      "attraction_child": 0.0,
      "NAVICAT_ROWID": 1863
    },
    {
      "attraction_id": 1878,
      "attraction_name": "赛武当东沟红色旅游区",
      "attraction_en_name": "",
      "attraction_city": "湖北-十堰",
      "attraction_lat": 110.82953643798828,
      "attraction_lon": 32.497032165527347,
      "attraction_tags": "3A景区|历史|文化|红色",
      "attraction_feature": null,
      "attraction_ratting": "0",
      "attraction_gallery": "https://youimg1.c-ctrip.com/target/fd/tg/g1/M00/FC/25/CghzflW7IAqAat3tAAAymFPzBHI728.jpg",
      "attraction_play_spend_time": null,
      "attraction_description": null,
      "attraction_special_policy": null,
      "attraction_price": 0.0,
      "attraction_lowest_price": 0.0,
      "attraction_adult": 0.0,
      "attraction_senior": 0.0,
      "attraction_student": 0.0,
      "attraction_child": 0.0,
      "NAVICAT_ROWID": 1878
    },
    {
      "attraction_id": 1880,
      "attraction_name": "烈士陵园红色旅游区",
      "attraction_en_name": "",
      "attraction_city": "湖北-十堰",
      "attraction_lat": 110.80701446533203,
      "attraction_lon": 32.84699630737305,
      "attraction_tags": "3A景区|历史|红色",
      "attraction_feature": null,
      "attraction_ratting": "0",
      "attraction_gallery": "https://youimg1.c-ctrip.com/target/fd/tg/g2/M09/AE/61/CghzgFW7IAmAMz99AAA2r19U2mM655.jpg",
      "attraction_play_spend_time": null,
      "attraction_description": null,
      "attraction_special_policy": null,
      "attraction_price": 0.0,
      "attraction_lowest_price": 0.0,
      "attraction_adult": 0.0,
      "attraction_senior": 0.0,
      "attraction_student": 0.0,
      "attraction_child": 0.0,
      "NAVICAT_ROWID": 1880
    },
    {
      "attraction_id": 2181,
      "attraction_name": "八七会议会址纪念馆",
      "attraction_en_name": " ",
      "attraction_city": "湖北-武汉",
      "attraction_lat": 114.29448699951172,
      "attraction_lon": 30.588960647583009,
      "attraction_tags": "红色",
      "attraction_feature": null,
      "attraction_ratting": null,
      "attraction_gallery": null,
      "attraction_play_spend_time": null,
      "attraction_description": null,
      "attraction_special_policy": null,
      "attraction_price": 0.0,
      "attraction_lowest_price": 0.0,
      "attraction_adult": 0.0,
      "attraction_senior": 0.0,
      "attraction_student": 0.0,
      "attraction_child": 0.0,
      "NAVICAT_ROWID": 2181
    },
    {
      "attraction_id": 2182,
      "attraction_name": "\r\n武汉长江大桥建成纪念碑",
      "attraction_en_name": " ",
      "attraction_city": "湖北-武汉",
      "attraction_lat": 114.28849792480469,
      "attraction_lon": 30.548809051513673,
      "attraction_tags": "红色",
      "attraction_feature": null,
      "attraction_ratting": null,
      "attraction_gallery": null,
      "attraction_play_spend_time": null,
      "attraction_description": null,
      "attraction_special_policy": null,
      "attraction_price": 0.0,
      "attraction_lowest_price": 0.0,
      "attraction_adult": 0.0,
      "attraction_senior": 0.0,
      "attraction_student": 0.0,
      "attraction_child": 0.0,
      "NAVICAT_ROWID": 2182
    },
    {
      "attraction_id": 2185,
      "attraction_name": "毛泽东旧居纪念馆(武汉革命博物馆)",
      "attraction_en_name": " ",
      "attraction_city": "湖北-武汉",
      "attraction_lat": 114.29380798339844,
      "attraction_lon": 30.553604125976564,
      "attraction_tags": "红色",
      "attraction_feature": null,
      "attraction_ratting": null,
      "attraction_gallery": null,
      "attraction_play_spend_time": null,
      "attraction_description": null,
      "attraction_special_policy": null,
      "attraction_price": 0.0,
      "attraction_lowest_price": 0.0,
      "attraction_adult": 0.0,
      "attraction_senior": 0.0,
      "attraction_student": 0.0,
      "attraction_child": 0.0,
      "NAVICAT_ROWID": 2185
    },
    {
      "attraction_id": 2186,
      "attraction_name": "中央农民运动讲习所旧址纪念馆(武汉革命博物馆)",
      "attraction_en_name": " ",
      "attraction_city": "湖北-武汉",
      "attraction_lat": 114.29496002197266,
      "attraction_lon": 30.55616569519043,
      "attraction_tags": "红色",
      "attraction_feature": null,
      "attraction_ratting": null,
      "attraction_gallery": null,
      "attraction_play_spend_time": null,
      "attraction_description": null,
      "attraction_special_policy": null,
      "attraction_price": 0.0,
      "attraction_lowest_price": 0.0,
      "attraction_adult": 0.0,
      "attraction_senior": 0.0,
      "attraction_student": 0.0,
      "attraction_child": 0.0,
      "NAVICAT_ROWID": 2186
    },
    {
      "attraction_id": 2189,
      "attraction_name": "武汉中共中央机关旧址纪念馆",
      "attraction_en_name": " ",
      "attraction_city": "湖北-武汉",
      "attraction_lat": 114.29299926757813,
      "attraction_lon": 30.590341567993165,
      "attraction_tags": "红色",
      "attraction_feature": null,
      "attraction_ratting": null,
      "attraction_gallery": null,
      "attraction_play_spend_time": null,
      "attraction_description": null,
      "attraction_special_policy": null,
      "attraction_price": 0.0,
      "attraction_lowest_price": 0.0,
      "attraction_adult": 0.0,
      "attraction_senior": 0.0,
      "attraction_student": 0.0,
      "attraction_child": 0.0,
      "NAVICAT_ROWID": 2189
    },
    {
      "attraction_id": 2195,
      "attraction_name": "京汉铁路总工会旧址管理所",
      "attraction_en_name": " ",
      "attraction_city": "湖北-武汉",
      "attraction_lat": 114.31260681152344,
      "attraction_lon": 30.626787185668947,
      "attraction_tags": "红色",
      "attraction_feature": null,
      "attraction_ratting": null,
      "attraction_gallery": null,
      "attraction_play_spend_time": null,
      "attraction_description": null,
      "attraction_special_policy": null,
      "attraction_price": 0.0,
      "attraction_lowest_price": 0.0,
      "attraction_adult": 0.0,
      "attraction_senior": 0.0,
      "attraction_student": 0.0,
      "attraction_child": 0.0,
      "NAVICAT_ROWID": 2195
    }
  ]
}